{
    "openapi": "3.0.0",
    "info": {
      "title": "API de Estacionamento",
      "version": "1.0.0",
      "description": "Documentação da API para cadastro de usuários, login e gestão de hábitos."
    },
    "servers": [
      {
        "url": "http://localhost:9823",
        "description": "Servidor local"
      }
    ],
    "paths": {
      "/cadastro": {
        "post": {
          "summary": "Cadastro de usuário",
          "requestBody": {
            "required": true,
            "content": {
              "application/json": {
                "schema": {
                  "type": "object",
                  "properties": {
                    "nome": { "type": "string" },
                    "senha": { "type": "string" },
                    "email": { "type": "string" }
                  },
                  "required": ["nome", "senha", "email"]
                }
              }
            },
            "responses": {
              "200": {
                "description": "Usuário cadastrado com sucesso"
              },
              "500": {
                "description": "Erro ao cadastrar usuário"
              }
            }
          }
        }
      },
      "/login": {
        "post": {
          "summary": "Login de usuário",
          "requestBody": {
            "required": true,
            "content": {
              "application/json": {
                "schema": {
                  "type": "object",
                  "properties": {
                    "email": { "type": "string" },
                    "senha": { "type": "string" }
                  },
                  "required": ["email", "senha"]
                }
              }
            },
            "responses": {
              "200": {
                "description": "Login efetuado ou erro de credenciais"
              },
              "500": {
                "description": "Erro no servidor"
              }
            }
          }
        }
      },
      "/habitos": {
        "post": {
          "summary": "Criar um novo hábito",
          "requestBody": {
            "required": true,
            "content": {
              "application/json": {
                "schema": {
                  "type": "object",
                  "properties": {
                    "nome": { "type": "string" },
                    "frequencia": { "type": "string" },
                    "meta": { "type": "string" }
                  },
                  "required": ["nome", "frequencia", "meta"]
                }
              }
            }
          },
          "responses": {
            "200": {
              "description": "Hábito criado com sucesso"
            },
            "500": {
              "description": "Erro ao criar hábito"
            }
          }
        }
      },
      "/habitos/{id}": {
        "put": {
          "summary": "Atualizar um hábito existente",
          "parameters": [
            {
              "name": "id",
              "in": "path",
              "required": true,
              "schema": {
                "type": "integer"
              },
              "description": "ID do hábito a ser atualizado"
            }
          ],
          "requestBody": {
            "required": true,
            "content": {
              "application/json": {
                "schema": {
                  "type": "object",
                  "properties": {
                    "nome": { "type": "string" },
                    "frequencia": { "type": "string" },
                    "meta": { "type": "string" }
                  },
                  "required": ["nome", "frequencia", "meta"]
                }
              }
            }
          },
          "responses": {
            "200": {
              "description": "Hábito atualizado com sucesso"
            },
            "500": {
              "description": "Erro ao atualizar hábito"
            }
          }
        },
        "delete": {
          "summary": "Excluir um hábito",
          "parameters": [
            {
              "name": "id",
              "in": "path",
              "required": true,
              "schema": {
                "type": "integer"
              },
              "description": "ID do hábito a ser excluído"
            }
          ],
          "responses": {
            "200": {
              "description": "Hábito excluído com sucesso"
            },
            "500": {
              "description": "Erro ao excluir hábito"
            }
          }
        }
      }
    }
  }
  